pdb,name,resname,smiles,n_lig_heavy,dG_kcalmol,top1_rmsd_A,top3_best_rmsd_A,posebusters_ok,wall_s,error
1stp,streptavidin_biotin,BTN,C1[C@H]2[C@@H]([C@@H](S1)CCCCC(=O)O)NC(=O)N2,16,-7.4,0.69,0.69,True,9.7,
3ptb,trypsin_benzamidine,BEN,[H]/N=C(\c1ccccc1)/N,9,-6.02,1.13,1.1,True,4.9,
1m17,egfr_erlotinib,AQ4,COCCOc1cc2c(cc1OCCOC)ncnc2Nc3cccc(c3)C#C,29,-7.25,2.61,1.71,True,19.3,
1hvr,hivprotease_xk263,XK2,c1ccc(cc1)C[C@@H]2[C@@H]([C@H]([C@H](N(C(=O)N2Cc3ccc4ccccc4c3)Cc5ccc6ccccc6c5)Cc7ccccc7)O)O,46,-11.63,0.74,0.74,True,137.2,
2hyy,abl_imatinib,STI,Cc1ccc(cc1Nc2nccc(n2)c3cccnc3)NC(=O)c4ccc(cc4)CN5CCN(CC5)C,37,-11.89,0.8,0.8,True,42.3,
3ert,er_hydroxytamoxifen,OHT,CC/C(=C(\c1ccc(cc1)O)/c2ccc(cc2)OCCN(C)C)/c3ccccc3,29,-9.74,1.08,1.0,True,20.8,
1err,er_raloxifene,RAL,c1cc(ccc1c2c(c3ccc(cc3s2)O)C(=O)c4ccc(cc4)OCCN5CCCCC5)O,34,-10.85,0.6,0.6,True,27.8,
1oyt,thrombin,FSN,c1cc(ccc1CN2C(=O)[C@H]3[C@@H]4CCC[N@@]4[C@H]([C@H]3C2=O)c5ccc(cc5)C(=[NH2+])N)F,30,-10.92,0.26,0.26,True,14.2,
1fkg,fkbp12,SB3,CCC(C)(C)C(=O)C(=O)N1CCCC[C@H]1C(=O)OC(CCc2ccccc2)c3ccccc3,33,-7.96,2.52,2.26,True,31.3,
1ke5,cdk2,LS1,CNS(=O)(=O)c1ccc(cc1)N\C=C/2\c3ccccc3NC2=O,23,-9.45,1.19,0.32,True,10.1,
1cbx,carboxypeptidase_a,BZS,c1ccc(cc1)C[C@H](CC(=O)O)C(=O)O,15,-7.51,0.32,0.32,True,10.5,
1dwd,thrombin_napap,MID,[H]/N=C(/c1ccc(cc1)C[C@H](C(=O)N2CCCCC2)NC(=O)CNS(=O)(=O)c3ccc4ccccc4c3)\N,37,-9.96,3.12,2.34,True,37.1,
1hpx,hivprotease_kni272,KNI,CC(C)(C)NC(=O)[C@@H]1CSCN1C(=O)[C@H]([C@H](Cc2ccccc2)NC(=O)[C@H](CSC)NC(=O)COc3cccc4c3ccnc4)O,46,-9.3,3.0,1.61,True,94.6,
1e1v,cdk2_inhibitor,CMG,c1[nH]c2c(n1)c(nc(n2)N)OCC3CCCCC3,18,-7.55,1.03,1.03,True,9.0,
1lpz,factor_xa,CMB,Cc1cccc2c1cc(n2Cc3cccc(c3)C(=N)N)C(=O)NCc4cc(cc(c4)Cl)Cl,32,-10.29,0.77,0.77,True,22.6,
